{
   "fenlei":
   [
      {"id":"1","text":"小米手机","isNav":1},
      {"id":"2","text":"红米","isNav":1},
      {"id":"3","text":"平板","isNav":1},
      {"id":"4","text":"电视","isNav":1},
      {"id":"5","text":"盒子","isNav":1},
      {"id":"6","text":"路由器","isNav":1},
      {"id":"7","text":"智能硬件","isNav":1},
      {"id":"8","text":"电话卡","isNav":0},
      {"id":"9","text":"移动电源","isNav":0},
      {"id":"10","text":"插线板","isNav":0},
      {"id":"11","text":"耳机","isNav":0},
      {"id":"12","text":"音箱","isNav":0},
      {"id":"13","text":"电池","isNav":0},
      {"id":"14","text":"存储卡","isNav":0},
      {"id":"15","text":"保护套","isNav":0},
      {"id":"16","text":"后盖","isNav":0},
      {"id":"17","text":"贴膜","isNav":0},
      {"id":"18","text":"其他配件","isNav":0},
      {"id":"19","text":"米兔","isNav":0},
      {"id":"20","text":"服装?","isNav":0},
      {"id":"21","text":"箱包","isNav":0},
      {"id":"22","text":"其他周边","isNav":0}
   ],
   "fenleiheshe":
   [
      {"text":"小米手机 平板 电话卡"},
      {"text":"电视 盒子"},
      {"text":"路由器 智能硬件"},
      {"text":"移动电源 插线板"},
      {"text":"耳机 音箱"},
      {"text":"电池 存储卡"},
      {"text":"保护套 后盖"},
      {"text":"贴膜 其他配件"},
      {"text":"米兔 服装"},
      {"text":"箱包 其他周边"}
   ]
}